Poly4Coef_CarX2CarXCorr,Poly4Coef_CarX2CarYCorr,Poly4Coef_Angle2FXCorr,Poly4Coef_Angle2FYCorr,Poly4Coef_Angle2FZCorr
0.0,0.0,0.0,0.0,0.0
0.9987010134409392,-0.004937692344428076,19.146145098597845,-0.10806144516646897,-0.16780477129490556
-4.355556636381986e-05,6.726177944593233e-06,-0.012805505571636419,0.0003715495795972281,-0.193043353288313
-6.26002500410466e-07,-3.125269505824967e-07,-0.000898661921736374,-2.434583074989725e-05,-0.0007889950826094164
-7.478815295408091e-09,-3.6622234434976503e-09,-1.2591789007254092e-05,1.2870960597820477e-06,8.212224387006609e-05
