Poly4Coef_CarX2CarXCorr,Poly4Coef_CarX2CarYCorr,Poly4Coef_Angle2FXCorr,Poly4Coef_Angle2FYCorr,Poly4Coef_Angle2FZCorr
0.0222469685443827,-0.003490817588024766,0.1989758145236901,0.04486755211651546,1104.2072043136175
0.9987010134451533,-0.004937692344449929,19.146145098598165,-0.10806144516647632,-0.16780477129491608
-4.355556620782249e-05,6.7261779438172295e-06,-0.012805505571641531,0.0003715495795973188,-0.19304335328831088
-6.26002502672938e-07,-3.125269505709487e-07,-0.0008986619217397119,-2.4345830749860652e-05,-0.0007889950826094709
-7.478815375176413e-09,-3.662223443778564e-09,-1.2591789008707375e-05,1.2870960597788389e-06,8.212224387005669e-05
